{
    "5": 196.9348517101659,
    "10": 217.98707503486432,
    "15": 193.20510893396306,
    "20": 191.9715539193848,
    "25": 198.62313875772907,
    "30": 190.0481222650581,
    "35": 185.12040667511747,
    "40": 184.19855551580036,
    "45": 189.0330813994492,
    "50": 246.11152734759864,
    "55": 223.90532498144444,
    "60": 215.0118899434417,
    "65": 263.0102980479386,
    "70": 213.35094174229278,
    "75": 209.1116796531561,
    "80": 202.32110297740252,
    "85": 205.72500936078177,
    "90": 189.64134514949615,
    "95": 196.3089591260201,
    "100": 201.43708042276683
}