{
    "5": 177.637760963931,
    "10": 187.27963051922023,
    "15": 160.739183020175,
    "20": 148.16332879405877,
    "25": 155.52503602130923,
    "30": 138.74166716678388,
    "35": 129.68115655727547,
    "40": 127.90469464591285,
    "45": 136.80732344046788,
    "50": 219.60314511457426,
    "55": 194.79260845413103,
    "60": 171.47236772062837,
    "65": 222.1622747434751,
    "70": 179.09786800962831,
    "75": 186.87298155371315,
    "80": 166.50732795199946,
    "85": 159.49357949470436,
    "90": 144.49289631504445,
    "95": 148.48546687341587,
    "100": 143.78622175108694
}