{
    "5": 304.09910214977316,
    "10": 295.1989506857094,
    "15": 266.4261976110092,
    "20": 261.95022136048414,
    "25": 276.5904056816225,
    "30": 264.25798438384464,
    "35": 273.0260158904499,
    "40": 264.4624668774567,
    "45": 268.9533799549654,
    "50": 309.80597699627737,
    "55": 280.0085416568884,
    "60": 267.26934630743165,
    "65": 315.78013531208535,
    "70": 287.02063306980017,
    "75": 261.105717725532,
    "80": 256.711494047298,
    "85": 262.28940783517874,
    "90": 252.51517298123022,
    "95": 258.27883938984127,
    "100": 258.70577975912227
}