{
    "5": 268.4384596741801,
    "10": 259.5997477787808,
    "15": 219.69719170940806,
    "20": 218.47521456525837,
    "25": 224.33188462451545,
    "30": 211.05215530152708,
    "35": 205.22539851345596,
    "40": 211.17319432628886,
    "45": 198.45872550884917,
    "50": 319.0963241387123,
    "55": 256.51151060109703,
    "60": 240.95405682610743,
    "65": 297.38407505980945,
    "70": 268.4877526155908,
    "75": 255.32584356324512,
    "80": 242.81915829187307,
    "85": 231.7588260073244,
    "90": 220.95918277654732,
    "95": 234.57893099913542,
    "100": 228.82105140443707
}